Problem,Stationary,Selection,Crossover,Mutation,Replacement,BestScore,WorstScore,MeanScore,StdDev
Knapsack,0.0,UniversalRandom,OnePoint,SinglePoint,Random,198,170,185.79,5.390404868510773
Knapsack,0.1,UniversalRandom,OnePoint,SinglePoint,Random,198,160,183.57,6.835107421784729
Knapsack,0.2,UniversalRandom,OnePoint,SinglePoint,Random,198,150,181.08666666666667,8.161772929131958
Knapsack,0.3,UniversalRandom,OnePoint,SinglePoint,Random,198,145,179.325,8.832292935373045
Knapsack,0.4,UniversalRandom,OnePoint,SinglePoint,Random,198,145,177.158,9.80148837415509
Knapsack,0.5,UniversalRandom,OnePoint,SinglePoint,Random,198,124,173.59,12.978802545916032
Knapsack,0.6,UniversalRandom,OnePoint,SinglePoint,Random,198,102,168.56285714285715,17.93623398819087
Knapsack,0.7,UniversalRandom,OnePoint,SinglePoint,Random,198,81,162.48875,23.80400516225591
Knapsack,0.8,UniversalRandom,OnePoint,SinglePoint,Random,198,81,157.99444444444444,26.248724154009118
Knapsack,0.9,UniversalRandom,OnePoint,SinglePoint,Random,198,-17,152.209,32.08808133815364
Knapsack,1.0,UniversalRandom,OnePoint,SinglePoint,Random,198,-177,126.18181818181819,88.01081307317475
Knapsack,0.0,UniversalRandom,OnePoint,SinglePoint,Elitism,199,174,186.8,5.572298004459655
Knapsack,0.1,UniversalRandom,OnePoint,SinglePoint,Elitism,202,172,187.605,5.937613262606567
Knapsack,0.2,UniversalRandom,OnePoint,SinglePoint,Elitism,202,139,182.38333333333333,10.459176359667667
Knapsack,0.3,UniversalRandom,OnePoint,SinglePoint,Elitism,202,139,179.8225,11.12994532589417
Knapsack,0.4,UniversalRandom,OnePoint,SinglePoint,Elitism,202,117,173.896,16.36804844873206
Knapsack,0.5,UniversalRandom,OnePoint,SinglePoint,Elitism,202,95,166.45833333333334,23.148823813795794
Knapsack,0.6,UniversalRandom,OnePoint,SinglePoint,Elitism,202,89,159.00285714285715,28.519450840283564
Knapsack,0.7,UniversalRandom,OnePoint,SinglePoint,Elitism,202,78,152.6825,31.896801582431213
Knapsack,0.8,UniversalRandom,OnePoint,SinglePoint,Elitism,202,71,147.81444444444443,33.487533785661995
Knapsack,0.9,UniversalRandom,OnePoint,SinglePoint,Elitism,202,71,143.848,34.25981072088155
Knapsack,1.0,UniversalRandom,OnePoint,SinglePoint,Elitism,202,-170,119.08909090909091,85.02293898624582
Knapsack,0.0,UniversalRandom,OnePoint,SinglePoint,DeterministCrowding,142,81,110.35,13.21108732401797
Knapsack,0.1,UniversalRandom,OnePoint,SinglePoint,DeterministCrowding,143,75,112.415,13.184152776045586
Knapsack,0.2,UniversalRandom,OnePoint,SinglePoint,DeterministCrowding,143,75,111.06333333333333,13.40016930291223
Knapsack,0.3,UniversalRandom,OnePoint,SinglePoint,DeterministCrowding,143,75,110.535,13.417109303241807
Knapsack,0.4,UniversalRandom,OnePoint,SinglePoint,DeterministCrowding,148,73,110.282,13.736369669727399
Knapsack,0.5,UniversalRandom,OnePoint,SinglePoint,DeterministCrowding,148,71,109.34333333333333,14.02045210937011
Knapsack,0.6,UniversalRandom,OnePoint,SinglePoint,DeterministCrowding,148,64,108.52857142857142,14.336365346447543
Knapsack,0.7,UniversalRandom,OnePoint,SinglePoint,DeterministCrowding,148,64,107.325,14.73238537962258
Knapsack,0.8,UniversalRandom,OnePoint,SinglePoint,DeterministCrowding,148,64,106.54777777777778,14.855362943460202
Knapsack,0.9,UniversalRandom,OnePoint,SinglePoint,DeterministCrowding,148,61,105.475,15.117536668217971
Knapsack,1.0,UniversalRandom,OnePoint,SinglePoint,DeterministCrowding,148,-160,83.94363636363636,69.78649687439896
Knapsack,0.0,UniversalRandom,OnePoint,SinglePoint,RestrictedTournament,176,93,123.74,16.758908380351333
Knapsack,0.1,UniversalRandom,OnePoint,SinglePoint,RestrictedTournament,176,85,123.67,16.793187778944606
Knapsack,0.2,UniversalRandom,OnePoint,SinglePoint,RestrictedTournament,176,85,122.4,15.895141345538542
Knapsack,0.3,UniversalRandom,OnePoint,SinglePoint,RestrictedTournament,176,85,122.41,15.670859567968742
Knapsack,0.4,UniversalRandom,OnePoint,SinglePoint,RestrictedTournament,176,85,121.9,15.064656908657133
Knapsack,0.5,UniversalRandom,OnePoint,SinglePoint,RestrictedTournament,176,85,121.26833333333333,14.697494950452834
Knapsack,0.6,UniversalRandom,OnePoint,SinglePoint,RestrictedTournament,176,81,120.41428571428571,14.724939047791302
Knapsack,0.7,UniversalRandom,OnePoint,SinglePoint,RestrictedTournament,176,81,119.8425,14.819741045504802
Knapsack,0.8,UniversalRandom,OnePoint,SinglePoint,RestrictedTournament,176,81,119.05,14.916331353439633
Knapsack,0.9,UniversalRandom,OnePoint,SinglePoint,RestrictedTournament,176,75,118.199,14.988597568053425
Knapsack,1.0,UniversalRandom,OnePoint,SinglePoint,RestrictedTournament,176,-164,95.91545454545455,72.12781306119473
Knapsack,0.0,UniversalRandom,TwoPoint,SinglePoint,Random,207,176,194.99,5.4762941830948035
Knapsack,0.1,UniversalRandom,TwoPoint,SinglePoint,Random,207,172,190.4,7.416537273258197
Knapsack,0.2,UniversalRandom,TwoPoint,SinglePoint,Random,207,160,186.62666666666667,9.557113421183901
Knapsack,0.3,UniversalRandom,TwoPoint,SinglePoint,Random,207,158,184.7825,9.78824386931143
Knapsack,0.4,UniversalRandom,TwoPoint,SinglePoint,Random,207,137,181.808,11.811950743239723
Knapsack,0.5,UniversalRandom,TwoPoint,SinglePoint,Random,207,125,178.02333333333334,14.5614622386089
Knapsack,0.6,UniversalRandom,TwoPoint,SinglePoint,Random,207,113,172.71428571428572,19.440046021851344
Knapsack,0.7,UniversalRandom,TwoPoint,SinglePoint,Random,207,76,166.5475,25.182790948382536
Knapsack,0.8,UniversalRandom,TwoPoint,SinglePoint,Random,207,76,161.80333333333334,27.776283086717335
Knapsack,0.9,UniversalRandom,TwoPoint,SinglePoint,Random,207,-19,156.008,32.53078831181606
Knapsack,1.0,UniversalRandom,TwoPoint,SinglePoint,Random,207,-160,130.02,87.99256296641003
Knapsack,0.0,UniversalRandom,TwoPoint,SinglePoint,Elitism,203,182,195.14,4.4427218884123025
Knapsack,0.1,UniversalRandom,TwoPoint,SinglePoint,Elitism,203,177,193.005,5.58848196322278
Knapsack,0.2,UniversalRandom,TwoPoint,SinglePoint,Elitism,203,148,187.21,10.842714058783212
Knapsack,0.3,UniversalRandom,TwoPoint,SinglePoint,Elitism,203,136,184.3125,11.812437426071817
Knapsack,0.4,UniversalRandom,TwoPoint,SinglePoint,Elitism,203,125,178.32,16.909922855588785
Knapsack,0.5,UniversalRandom,TwoPoint,SinglePoint,Elitism,203,98,171.19666666666666,22.891512790084157
Knapsack,0.6,UniversalRandom,TwoPoint,SinglePoint,Elitism,203,86,163.82714285714286,28.32420329930506
Knapsack,0.7,UniversalRandom,TwoPoint,SinglePoint,Elitism,203,71,157.1775,32.269182185153426
Knapsack,0.8,UniversalRandom,TwoPoint,SinglePoint,Elitism,203,71,152.07111111111112,34.09607326855532
Knapsack,0.9,UniversalRandom,TwoPoint,SinglePoint,Elitism,203,71,148.28,34.579029907001576
Knapsack,1.0,UniversalRandom,TwoPoint,SinglePoint,Elitism,203,-160,123.18454545454546,86.12524228561504
Knapsack,0.0,UniversalRandom,TwoPoint,SinglePoint,DeterministCrowding,148,73,118.05,15.110619050217899
Knapsack,0.1,UniversalRandom,TwoPoint,SinglePoint,DeterministCrowding,152,73,117.475,15.007180023618913
Knapsack,0.2,UniversalRandom,TwoPoint,SinglePoint,DeterministCrowding,153,73,116.72333333333333,15.045309124254315
Knapsack,0.3,UniversalRandom,TwoPoint,SinglePoint,DeterministCrowding,153,69,115.565,15.046819995598733
Knapsack,0.4,UniversalRandom,TwoPoint,SinglePoint,DeterministCrowding,153,69,114.304,15.037014584525428
Knapsack,0.5,UniversalRandom,TwoPoint,SinglePoint,DeterministCrowding,153,69,113.26333333333334,15.012092695581234
Knapsack,0.6,UniversalRandom,TwoPoint,SinglePoint,DeterministCrowding,153,69,111.87571428571428,15.132707527545916
Knapsack,0.7,UniversalRandom,TwoPoint,SinglePoint,DeterministCrowding,153,69,110.6025,15.269280677737227
Knapsack,0.8,UniversalRandom,TwoPoint,SinglePoint,DeterministCrowding,153,69,109.34666666666666,15.674378461544451
Knapsack,0.9,UniversalRandom,TwoPoint,SinglePoint,DeterministCrowding,153,56,107.83,16.118216306306877
Knapsack,1.0,UniversalRandom,TwoPoint,SinglePoint,DeterministCrowding,153,-160,86.07181818181819,70.71103409270782
Knapsack,0.0,UniversalRandom,TwoPoint,SinglePoint,RestrictedTournament,204,147,182.43,11.427642368441974
Knapsack,0.1,UniversalRandom,TwoPoint,SinglePoint,RestrictedTournament,204,147,181.285,11.069618660388992
Knapsack,0.2,UniversalRandom,TwoPoint,SinglePoint,RestrictedTournament,204,138,179.62333333333333,11.661679615751053
Knapsack,0.3,UniversalRandom,TwoPoint,SinglePoint,RestrictedTournament,204,138,178.38,12.190246316754962
Knapsack,0.4,UniversalRandom,TwoPoint,SinglePoint,RestrictedTournament,204,138,176.682,12.658014325055357
Knapsack,0.5,UniversalRandom,TwoPoint,SinglePoint,RestrictedTournament,204,99,174.535,13.651350627560422
Knapsack,0.6,UniversalRandom,TwoPoint,SinglePoint,RestrictedTournament,204,99,171.97142857142856,15.075747161010025
Knapsack,0.7,UniversalRandom,TwoPoint,SinglePoint,RestrictedTournament,204,99,168.28625,17.801205424934736
Knapsack,0.8,UniversalRandom,TwoPoint,SinglePoint,RestrictedTournament,204,99,165.45888888888888,19.080867625224904
Knapsack,0.9,UniversalRandom,TwoPoint,SinglePoint,RestrictedTournament,204,82,160.209,24.33461510878059
Knapsack,1.0,UniversalRandom,TwoPoint,SinglePoint,RestrictedTournament,204,-158,133.98545454545456,86.28219232677179
Knapsack,0.0,UniversalRandom,Uniform,SinglePoint,Random,207,183,196.21,5.0036249486010265
Knapsack,0.1,UniversalRandom,Uniform,SinglePoint,Random,207,172,192.71,6.885707285683919
Knapsack,0.2,UniversalRandom,Uniform,SinglePoint,Random,207,161,188.80666666666667,8.995871715140959
Knapsack,0.3,UniversalRandom,Uniform,SinglePoint,Random,207,157,187.33,8.973427773991252
Knapsack,0.4,UniversalRandom,Uniform,SinglePoint,Random,207,145,184.204,11.1577495378548
Knapsack,0.5,UniversalRandom,Uniform,SinglePoint,Random,207,130,179.60166666666666,15.356411131085732
Knapsack,0.6,UniversalRandom,Uniform,SinglePoint,Random,207,94,174.15428571428572,20.260440786479858
Knapsack,0.7,UniversalRandom,Uniform,SinglePoint,Random,207,83,167.79875,25.873346053080923
Knapsack,0.8,UniversalRandom,Uniform,SinglePoint,Random,207,83,162.95333333333335,28.422015155421235
Knapsack,0.9,UniversalRandom,Uniform,SinglePoint,Random,207,-23,156.605,34.96237037648252
Knapsack,1.0,UniversalRandom,Uniform,SinglePoint,Random,207,-165,130.3909090909091,89.51395349309755
Knapsack,0.0,UniversalRandom,Uniform,SinglePoint,Elitism,206,181,195.3,5.296272750765867
Knapsack,0.1,UniversalRandom,Uniform,SinglePoint,Elitism,208,179,194.885,5.211291856542901
Knapsack,0.2,UniversalRandom,Uniform,SinglePoint,Elitism,208,152,189.43333333333334,10.304667687155073
Knapsack,0.3,UniversalRandom,Uniform,SinglePoint,Elitism,208,152,186.7525,10.899920385536198
Knapsack,0.4,UniversalRandom,Uniform,SinglePoint,Elitism,208,114,181.202,16.11460694879737
Knapsack,0.5,UniversalRandom,Uniform,SinglePoint,Elitism,208,77,173.89166666666668,22.941456971361625
Knapsack,0.6,UniversalRandom,Uniform,SinglePoint,Elitism,208,77,166.55142857142857,28.323118967663273
Knapsack,0.7,UniversalRandom,Uniform,SinglePoint,Elitism,208,71,159.61625,32.61527527346588
Knapsack,0.8,UniversalRandom,Uniform,SinglePoint,Elitism,208,71,154.20333333333335,34.681865607291435
Knapsack,0.9,UniversalRandom,Uniform,SinglePoint,Elitism,208,69,149.86,35.674656005084074
Knapsack,1.0,UniversalRandom,Uniform,SinglePoint,Elitism,208,-161,124.29818181818182,87.85066842145324
Knapsack,0.0,UniversalRandom,Uniform,SinglePoint,DeterministCrowding,162,92,121.13,13.758857569440917
Knapsack,0.1,UniversalRandom,Uniform,SinglePoint,DeterministCrowding,162,82,120.075,13.487361476507921
Knapsack,0.2,UniversalRandom,Uniform,SinglePoint,DeterministCrowding,162,71,118.07666666666667,14.307333370786873
Knapsack,0.3,UniversalRandom,Uniform,SinglePoint,DeterministCrowding,162,71,117.165,14.284007040843166
Knapsack,0.4,UniversalRandom,Uniform,SinglePoint,DeterministCrowding,162,71,116.582,14.345133031218872
Knapsack,0.5,UniversalRandom,Uniform,SinglePoint,DeterministCrowding,162,71,115.20333333333333,14.793694982693037
Knapsack,0.6,UniversalRandom,Uniform,SinglePoint,DeterministCrowding,162,71,113.81428571428572,15.026436272207528
Knapsack,0.7,UniversalRandom,Uniform,SinglePoint,DeterministCrowding,162,62,111.935,15.74764300857137
Knapsack,0.8,UniversalRandom,Uniform,SinglePoint,DeterministCrowding,162,60,110.32444444444444,16.344840029052918
Knapsack,0.9,UniversalRandom,Uniform,SinglePoint,DeterministCrowding,162,60,108.81,16.796905549417012
Knapsack,1.0,UniversalRandom,Uniform,SinglePoint,DeterministCrowding,162,-162,87.19,70.43918698270409
Knapsack,0.0,UniversalRandom,Uniform,SinglePoint,RestrictedTournament,211,184,200.23,6.0216025250507
Knapsack,0.1,UniversalRandom,Uniform,SinglePoint,RestrictedTournament,211,184,199.41,5.710072208222552
Knapsack,0.2,UniversalRandom,Uniform,SinglePoint,RestrictedTournament,211,170,197.50333333333333,7.057100285316361
Knapsack,0.3,UniversalRandom,Uniform,SinglePoint,RestrictedTournament,211,170,197.3525,6.720950206570348
Knapsack,0.4,UniversalRandom,Uniform,SinglePoint,RestrictedTournament,211,170,196.318,7.144716225287031
Knapsack,0.5,UniversalRandom,Uniform,SinglePoint,RestrictedTournament,211,153,194.28333333333333,8.971279841372091
Knapsack,0.6,UniversalRandom,Uniform,SinglePoint,RestrictedTournament,211,150,191.7957142857143,11.101417452116083
Knapsack,0.7,UniversalRandom,Uniform,SinglePoint,RestrictedTournament,211,119,187.57125,16.213914926199735
Knapsack,0.8,UniversalRandom,Uniform,SinglePoint,RestrictedTournament,211,119,184.61888888888888,17.9560171728836
Knapsack,0.9,UniversalRandom,Uniform,SinglePoint,RestrictedTournament,211,79,177.47,27.74149762883559
Knapsack,1.0,UniversalRandom,Uniform,SinglePoint,RestrictedTournament,211,-162,149.42363636363638,92.72121366037007
Knapsack,0.0,Tournament,OnePoint,SinglePoint,Random,149,81,116.44,14.395088949311354
Knapsack,0.1,Tournament,OnePoint,SinglePoint,Random,165,81,121.37,15.483598065218114
Knapsack,0.2,Tournament,OnePoint,SinglePoint,Random,165,78,121.59333333333333,16.173431562821783
Knapsack,0.3,Tournament,OnePoint,SinglePoint,Random,165,75,121.5925,15.698169481269357
Knapsack,0.4,Tournament,OnePoint,SinglePoint,Random,176,75,125.314,17.15844481463614
Knapsack,0.5,Tournament,OnePoint,SinglePoint,Random,176,-4,126.46666666666667,17.99412505374013
Knapsack,0.6,Tournament,OnePoint,SinglePoint,Random,176,-4,126.42428571428572,17.561947872599728
Knapsack,0.7,Tournament,OnePoint,SinglePoint,Random,176,-4,125.45125,17.307210863462096
Knapsack,0.8,Tournament,OnePoint,SinglePoint,Random,176,-4,124.43111111111111,17.393269922187816
Knapsack,0.9,Tournament,OnePoint,SinglePoint,Random,176,-17,121.973,20.651458877129087
Knapsack,1.0,Tournament,OnePoint,SinglePoint,Random,176,-169,98.99727272727273,75.5047859079939
Knapsack,0.0,Tournament,OnePoint,SinglePoint,Elitism,147,76,118,13.31058665768407
Knapsack,0.1,Tournament,OnePoint,SinglePoint,Elitism,171,76,121.095,15.885456039026364
Knapsack,0.2,Tournament,OnePoint,SinglePoint,Elitism,171,76,120.22333333333333,15.762666687224298
Knapsack,0.3,Tournament,OnePoint,SinglePoint,Elitism,171,76,119.39,15.433514941796203
Knapsack,0.4,Tournament,OnePoint,SinglePoint,Elitism,171,76,121.768,16.196630442019437
Knapsack,0.5,Tournament,OnePoint,SinglePoint,Elitism,178,76,121.61,16.20201867098742
Knapsack,0.6,Tournament,OnePoint,SinglePoint,Elitism,178,76,120.59857142857143,16.04590154738662
Knapsack,0.7,Tournament,OnePoint,SinglePoint,Elitism,178,76,119.665,15.94923972513305
Knapsack,0.8,Tournament,OnePoint,SinglePoint,Elitism,178,76,118.6511111111111,15.866182928536707
Knapsack,0.9,Tournament,OnePoint,SinglePoint,Elitism,178,74,118.038,15.806530372045675
Knapsack,1.0,Tournament,OnePoint,SinglePoint,Elitism,178,-161,95.54636363636364,72.94434686298248
Knapsack,0.0,Tournament,OnePoint,SinglePoint,DeterministCrowding,141,78,109.62,14.324366469323337
Knapsack,0.1,Tournament,OnePoint,SinglePoint,DeterministCrowding,143,68,109.945,14.965352782998401
Knapsack,0.2,Tournament,OnePoint,SinglePoint,DeterministCrowding,143,68,109.94333333333333,14.68396580382773
Knapsack,0.3,Tournament,OnePoint,SinglePoint,DeterministCrowding,143,68,110.1075,14.707880476815847
Knapsack,0.4,Tournament,OnePoint,SinglePoint,DeterministCrowding,144,68,109.962,14.447491686519987
Knapsack,0.5,Tournament,OnePoint,SinglePoint,DeterministCrowding,149,68,110.22666666666667,14.385183746059765
Knapsack,0.6,Tournament,OnePoint,SinglePoint,DeterministCrowding,149,68,109.42,14.53920357617537
Knapsack,0.7,Tournament,OnePoint,SinglePoint,DeterministCrowding,149,65,108.25375,14.84376241189126
Knapsack,0.8,Tournament,OnePoint,SinglePoint,DeterministCrowding,149,65,107.37222222222222,14.873822498727204
Knapsack,0.9,Tournament,OnePoint,SinglePoint,DeterministCrowding,149,62,106.152,15.232298543519915
Knapsack,1.0,Tournament,OnePoint,SinglePoint,DeterministCrowding,149,-173,84.43909090909091,70.38428845308613
Knapsack,0.0,Tournament,OnePoint,SinglePoint,RestrictedTournament,154,72,112.81,14.169033670350112
Knapsack,0.1,Tournament,OnePoint,SinglePoint,RestrictedTournament,154,63,114.57,16.03498373923678
Knapsack,0.2,Tournament,OnePoint,SinglePoint,RestrictedTournament,164,63,115.44,15.612352540199215
Knapsack,0.3,Tournament,OnePoint,SinglePoint,RestrictedTournament,164,63,115.2275,15.307728771779827
Knapsack,0.4,Tournament,OnePoint,SinglePoint,RestrictedTournament,164,63,115.612,15.303524159598233
Knapsack,0.5,Tournament,OnePoint,SinglePoint,RestrictedTournament,164,63,115.83666666666667,15.118010648411982
Knapsack,0.6,Tournament,OnePoint,SinglePoint,RestrictedTournament,164,63,115.76142857142857,14.85827941580175
Knapsack,0.7,Tournament,OnePoint,SinglePoint,RestrictedTournament,164,63,115.32625,14.999201011261242
Knapsack,0.8,Tournament,OnePoint,SinglePoint,RestrictedTournament,164,63,114.90222222222222,14.8618927840703
Knapsack,0.9,Tournament,OnePoint,SinglePoint,RestrictedTournament,164,63,114.903,14.875916236786354
Knapsack,1.0,Tournament,OnePoint,SinglePoint,RestrictedTournament,164,-169,92.48454545454545,72.49568238703152
Knapsack,0.0,Tournament,TwoPoint,SinglePoint,Random,154,80,122.63,14.470907771013252
Knapsack,0.1,Tournament,TwoPoint,SinglePoint,Random,167,80,126.39,15.061278516539153
Knapsack,0.2,Tournament,TwoPoint,SinglePoint,Random,167,80,125.51,15.318794061707884
Knapsack,0.3,Tournament,TwoPoint,SinglePoint,Random,167,80,125.2625,15.301107917689226
Knapsack,0.4,Tournament,TwoPoint,SinglePoint,Random,169,80,127.676,15.994081570711748
Knapsack,0.5,Tournament,TwoPoint,SinglePoint,Random,175,80,129.405,16.227544392020366
Knapsack,0.6,Tournament,TwoPoint,SinglePoint,Random,175,80,128.99571428571429,16.178678065669807
Knapsack,0.7,Tournament,TwoPoint,SinglePoint,Random,175,80,127.95625,16.42510474913402
Knapsack,0.8,Tournament,TwoPoint,SinglePoint,Random,175,80,126.88777777777777,16.54117004668684
Knapsack,0.9,Tournament,TwoPoint,SinglePoint,Random,175,-11,124.265,20.337413438915615
Knapsack,1.0,Tournament,TwoPoint,SinglePoint,Random,175,-166,101.2090909090909,75.69893861630452
Knapsack,0.0,Tournament,TwoPoint,SinglePoint,Elitism,175,86,122.06,15.106236587528471
Knapsack,0.1,Tournament,TwoPoint,SinglePoint,Elitism,175,86,123.79,15.811257995396348
Knapsack,0.2,Tournament,TwoPoint,SinglePoint,Elitism,175,86,123.60666666666667,14.95451147984754
Knapsack,0.3,Tournament,TwoPoint,SinglePoint,Elitism,175,86,122.52,14.90688223085604
Knapsack,0.4,Tournament,TwoPoint,SinglePoint,Elitism,175,86,125.186,16.040636147485923
Knapsack,0.5,Tournament,TwoPoint,SinglePoint,Elitism,175,86,125.50333333333333,15.68875022731407
Knapsack,0.6,Tournament,TwoPoint,SinglePoint,Elitism,175,85,124.34285714285714,15.731369492278654
Knapsack,0.7,Tournament,TwoPoint,SinglePoint,Elitism,175,80,122.89375,15.904674132517679
Knapsack,0.8,Tournament,TwoPoint,SinglePoint,Elitism,175,80,122.01444444444445,15.927352181763858
Knapsack,0.9,Tournament,TwoPoint,SinglePoint,Elitism,175,76,121.037,16.110530102395145
Knapsack,1.0,Tournament,TwoPoint,SinglePoint,Elitism,175,-187,98.2609090909091,73.89784724948487
Knapsack,0.0,Tournament,TwoPoint,SinglePoint,DeterministCrowding,151,76,113.66,13.730611675001844
Knapsack,0.1,Tournament,TwoPoint,SinglePoint,DeterministCrowding,151,76,113.605,13.918606721411688
Knapsack,0.2,Tournament,TwoPoint,SinglePoint,DeterministCrowding,151,65,112.70666666666666,14.8003645741351
Knapsack,0.3,Tournament,TwoPoint,SinglePoint,DeterministCrowding,151,65,112.9,14.598211172042927
Knapsack,0.4,Tournament,TwoPoint,SinglePoint,DeterministCrowding,151,65,112.404,14.375607820207144
Knapsack,0.5,Tournament,TwoPoint,SinglePoint,DeterministCrowding,151,65,112.155,14.434156821185097
Knapsack,0.6,Tournament,TwoPoint,SinglePoint,DeterministCrowding,151,65,111.07714285714286,14.599754749626229
Knapsack,0.7,Tournament,TwoPoint,SinglePoint,DeterministCrowding,151,63,109.77,15.205051528685704
Knapsack,0.8,Tournament,TwoPoint,SinglePoint,DeterministCrowding,151,63,108.89222222222222,15.188637575758301
Knapsack,0.9,Tournament,TwoPoint,SinglePoint,DeterministCrowding,151,62,107.41,15.713395903203445
Knapsack,1.0,Tournament,TwoPoint,SinglePoint,DeterministCrowding,151,-180,85.66,70.60672224774075
Knapsack,0.0,Tournament,TwoPoint,SinglePoint,RestrictedTournament,155,92,121.61,14.46758480538511
Knapsack,0.1,Tournament,TwoPoint,SinglePoint,RestrictedTournament,173,89,130,17.066526643060428
Knapsack,0.2,Tournament,TwoPoint,SinglePoint,RestrictedTournament,174,89,131.98,16.826070709419792
Knapsack,0.3,Tournament,TwoPoint,SinglePoint,RestrictedTournament,176,89,132.3725,16.774151966208713
Knapsack,0.4,Tournament,TwoPoint,SinglePoint,RestrictedTournament,189,89,137.61,19.146568417456134
Knapsack,0.5,Tournament,TwoPoint,SinglePoint,RestrictedTournament,194,89,140.39,19.517242922233557
Knapsack,0.6,Tournament,TwoPoint,SinglePoint,RestrictedTournament,194,89,141.45714285714286,19.13687294173597
Knapsack,0.7,Tournament,TwoPoint,SinglePoint,RestrictedTournament,194,89,141.5,18.59636472475791
Knapsack,0.8,Tournament,TwoPoint,SinglePoint,RestrictedTournament,194,89,141.57,18.234859781054123
Knapsack,0.9,Tournament,TwoPoint,SinglePoint,RestrictedTournament,194,72,138.467,20.2409636037321
Knapsack,1.0,Tournament,TwoPoint,SinglePoint,RestrictedTournament,194,-169,113.74545454545455,80.71890771704302
Knapsack,0.0,Tournament,Uniform,SinglePoint,Random,168,89,122.81,14.744761096673619
Knapsack,0.1,Tournament,Uniform,SinglePoint,Random,168,89,126.215,15.650670671326248
Knapsack,0.2,Tournament,Uniform,SinglePoint,Random,173,89,125.40333333333334,15.283080975463164
Knapsack,0.3,Tournament,Uniform,SinglePoint,Random,173,82,124.685,15.533963920639165
Knapsack,0.4,Tournament,Uniform,SinglePoint,Random,173,82,127.794,16.527003590953527
Knapsack,0.5,Tournament,Uniform,SinglePoint,Random,173,82,129.075,16.775928030031046
Knapsack,0.6,Tournament,Uniform,SinglePoint,Random,173,77,128.78,16.592486708282177
Knapsack,0.7,Tournament,Uniform,SinglePoint,Random,173,77,127.46625,16.756486377882602
Knapsack,0.8,Tournament,Uniform,SinglePoint,Random,173,77,126.3411111111111,16.857522387809357
Knapsack,0.9,Tournament,Uniform,SinglePoint,Random,173,-28,123.524,21.8677301433327
Knapsack,1.0,Tournament,Uniform,SinglePoint,Random,173,-169,100.22,76.79645147435971
Knapsack,0.0,Tournament,Uniform,SinglePoint,Elitism,165,91,122.53,16.216623843725575
Knapsack,0.1,Tournament,Uniform,SinglePoint,Elitism,178,91,124.215,16.291279999438366
Knapsack,0.2,Tournament,Uniform,SinglePoint,Elitism,178,78,122.97,16.133092975719524
Knapsack,0.3,Tournament,Uniform,SinglePoint,Elitism,178,78,122.76,15.682066765739545
Knapsack,0.4,Tournament,Uniform,SinglePoint,Elitism,178,78,125.836,16.665310352293968
Knapsack,0.5,Tournament,Uniform,SinglePoint,Elitism,178,78,125.95166666666667,16.84217212313377
Knapsack,0.6,Tournament,Uniform,SinglePoint,Elitism,178,78,124.89571428571429,16.971379895004652
Knapsack,0.7,Tournament,Uniform,SinglePoint,Elitism,178,75,123.695,17.05536812787903
Knapsack,0.8,Tournament,Uniform,SinglePoint,Elitism,178,74,122.57777777777778,17.14797067533187
Knapsack,0.9,Tournament,Uniform,SinglePoint,Elitism,178,74,121.347,17.322432209642432
Knapsack,1.0,Tournament,Uniform,SinglePoint,Elitism,178,-159,98.78181818181818,73.4983465696035
Knapsack,0.0,Tournament,Uniform,SinglePoint,DeterministCrowding,158,87,116.73,15.504222298809736
Knapsack,0.1,Tournament,Uniform,SinglePoint,DeterministCrowding,158,83,117.49,15.059009557212622
Knapsack,0.2,Tournament,Uniform,SinglePoint,DeterministCrowding,158,83,116.48666666666666,15.005121385096952
Knapsack,0.3,Tournament,Uniform,SinglePoint,DeterministCrowding,158,83,116.4725,14.880955979949439
Knapsack,0.4,Tournament,Uniform,SinglePoint,DeterministCrowding,158,83,116.286,14.86803015336203
Knapsack,0.5,Tournament,Uniform,SinglePoint,DeterministCrowding,158,81,115.57333333333334,14.870659582420993
Knapsack,0.6,Tournament,Uniform,SinglePoint,DeterministCrowding,158,72,114.43,14.990295859557994
Knapsack,0.7,Tournament,Uniform,SinglePoint,DeterministCrowding,158,69,112.82375,15.497835803128316
Knapsack,0.8,Tournament,Uniform,SinglePoint,DeterministCrowding,158,69,111.51777777777778,15.717355970542044
Knapsack,0.9,Tournament,Uniform,SinglePoint,DeterministCrowding,158,61,110.002,16.132025236722086
Knapsack,1.0,Tournament,Uniform,SinglePoint,DeterministCrowding,158,-165,87.83818181818182,71.97046707753873
Knapsack,0.0,Tournament,Uniform,SinglePoint,RestrictedTournament,170,91,127.14,17.441399721422137
Knapsack,0.1,Tournament,Uniform,SinglePoint,RestrictedTournament,190,91,141.27,22.301657328503413
Knapsack,0.2,Tournament,Uniform,SinglePoint,RestrictedTournament,190,91,145.68333333333334,21.09644334863334
Knapsack,0.3,Tournament,Uniform,SinglePoint,RestrictedTournament,190,91,147.14,19.860299058592794
Knapsack,0.4,Tournament,Uniform,SinglePoint,RestrictedTournament,205,91,153.66,22.631853693482697
Knapsack,0.5,Tournament,Uniform,SinglePoint,RestrictedTournament,205,91,157.23666666666668,22.672318929293674
Knapsack,0.6,Tournament,Uniform,SinglePoint,RestrictedTournament,205,91,159.14857142857142,21.98395007507366
Knapsack,0.7,Tournament,Uniform,SinglePoint,RestrictedTournament,205,91,159.095,21.190086117972925
Knapsack,0.8,Tournament,Uniform,SinglePoint,RestrictedTournament,205,91,158.91333333333333,20.470474138553183
Knapsack,0.9,Tournament,Uniform,SinglePoint,RestrictedTournament,205,78,154.3,24.202350170050714
Knapsack,1.0,Tournament,Uniform,SinglePoint,RestrictedTournament,205,-166,128.31727272727272,85.53543966874201
Knapsack,0.0,Proportional,OnePoint,SinglePoint,Random,185,146,168.52,8.330884488674439
Knapsack,0.1,Proportional,OnePoint,SinglePoint,Random,188,141,167.73,9.11826815082512
Knapsack,0.2,Proportional,OnePoint,SinglePoint,Random,191,141,166.46,9.552621381109802
Knapsack,0.3,Proportional,OnePoint,SinglePoint,Random,197,130,165.615,10.152065607068621
Knapsack,0.4,Proportional,OnePoint,SinglePoint,Random,197,125,164.396,10.62699628776638
Knapsack,0.5,Proportional,OnePoint,SinglePoint,Random,197,102,161.855,12.505650475806462
Knapsack,0.6,Proportional,OnePoint,SinglePoint,Random,197,90,157.89285714285714,16.098808115085532
Knapsack,0.7,Proportional,OnePoint,SinglePoint,Random,197,88,153.3275,19.885095298206984
Knapsack,0.8,Proportional,OnePoint,SinglePoint,Random,197,72,149.7122222222222,22.011132423443215
Knapsack,0.9,Proportional,OnePoint,SinglePoint,Random,197,-20,144.083,30.08433443136441
Knapsack,1.0,Proportional,OnePoint,SinglePoint,Random,197,-166,119.29727272727273,83.6470323216137
Knapsack,0.0,Proportional,OnePoint,SinglePoint,Elitism,194,141,171.29,8.870897828451655
Knapsack,0.1,Proportional,OnePoint,SinglePoint,Elitism,203,141,179.2,11.442668979168896
Knapsack,0.2,Proportional,OnePoint,SinglePoint,Elitism,203,136,175.66,12.526002386474033
Knapsack,0.3,Proportional,OnePoint,SinglePoint,Elitism,203,133,174.3625,12.450446892362896
Knapsack,0.4,Proportional,OnePoint,SinglePoint,Elitism,203,118,169.228,16.38600067240546
Knapsack,0.5,Proportional,OnePoint,SinglePoint,Elitism,203,83,162.83333333333334,21.62131720822269
Knapsack,0.6,Proportional,OnePoint,SinglePoint,Elitism,203,83,156.42857142857142,25.974605970523058
Knapsack,0.7,Proportional,OnePoint,SinglePoint,Elitism,203,65,150.45125,29.46889280226251
Knapsack,0.8,Proportional,OnePoint,SinglePoint,Elitism,203,65,145.9322222222222,30.849537354906012
Knapsack,0.9,Proportional,OnePoint,SinglePoint,Elitism,203,65,142.463,31.328135646461362
Knapsack,1.0,Proportional,OnePoint,SinglePoint,Elitism,203,-170,117.57727272727273,84.38629508837711
Knapsack,0.0,Proportional,OnePoint,SinglePoint,DeterministCrowding,144,72,112.07,14.608185750088575
Knapsack,0.1,Proportional,OnePoint,SinglePoint,DeterministCrowding,153,72,111.06,14.91370150104633
Knapsack,0.2,Proportional,OnePoint,SinglePoint,DeterministCrowding,153,69,110.05666666666667,15.013264666355182
Knapsack,0.3,Proportional,OnePoint,SinglePoint,DeterministCrowding,153,69,109.97,14.783283250318512
Knapsack,0.4,Proportional,OnePoint,SinglePoint,DeterministCrowding,153,69,109.254,14.935850939486947
Knapsack,0.5,Proportional,OnePoint,SinglePoint,DeterministCrowding,153,64,108.20166666666667,14.71252622548038
Knapsack,0.6,Proportional,OnePoint,SinglePoint,DeterministCrowding,153,64,107.34857142857143,14.69552444064977
Knapsack,0.7,Proportional,OnePoint,SinglePoint,DeterministCrowding,153,62,106.435,14.897758355034702
Knapsack,0.8,Proportional,OnePoint,SinglePoint,DeterministCrowding,153,62,105.41777777777777,15.128478899426955
Knapsack,0.9,Proportional,OnePoint,SinglePoint,DeterministCrowding,153,53,104.363,15.350989671154231
Knapsack,1.0,Proportional,OnePoint,SinglePoint,DeterministCrowding,153,-165,82.73727272727272,70.17803352388488
Knapsack,0.0,Proportional,OnePoint,SinglePoint,RestrictedTournament,169,91,123.93,19.32458265912863
Knapsack,0.1,Proportional,OnePoint,SinglePoint,RestrictedTournament,173,82,123.27,18.17439526410935
Knapsack,0.2,Proportional,OnePoint,SinglePoint,RestrictedTournament,173,76,122.20666666666666,17.116088645598
Knapsack,0.3,Proportional,OnePoint,SinglePoint,RestrictedTournament,173,76,122.0775,16.57765182709091
Knapsack,0.4,Proportional,OnePoint,SinglePoint,RestrictedTournament,173,76,121.768,15.697483810980408
Knapsack,0.5,Proportional,OnePoint,SinglePoint,RestrictedTournament,173,76,121.08,15.495928702207769
Knapsack,0.6,Proportional,OnePoint,SinglePoint,RestrictedTournament,173,76,120.44285714285714,15.224815706086023
Knapsack,0.7,Proportional,OnePoint,SinglePoint,RestrictedTournament,173,76,119.55375,15.383934566323601
Knapsack,0.8,Proportional,OnePoint,SinglePoint,RestrictedTournament,173,74,118.67777777777778,15.365424817331954
Knapsack,0.9,Proportional,OnePoint,SinglePoint,RestrictedTournament,173,74,117.828,15.33517471643488
Knapsack,1.0,Proportional,OnePoint,SinglePoint,RestrictedTournament,173,-168,95.09818181818181,73.55974957395345
Knapsack,0.0,Proportional,TwoPoint,SinglePoint,Random,196,149,175.56,8.547336994466153
Knapsack,0.1,Proportional,TwoPoint,SinglePoint,Random,196,149,173.28,9.212270602204496
Knapsack,0.2,Proportional,TwoPoint,SinglePoint,Random,196,142,170.82,10.259228654009561
Knapsack,0.3,Proportional,TwoPoint,SinglePoint,Random,196,137,169.5725,10.49118229824635
Knapsack,0.4,Proportional,TwoPoint,SinglePoint,Random,196,130,167.434,11.543142217980728
Knapsack,0.5,Proportional,TwoPoint,SinglePoint,Random,196,117,164.855,13.261866516665107
Knapsack,0.6,Proportional,TwoPoint,SinglePoint,Random,196,98,160.97,16.75713799608222
Knapsack,0.7,Proportional,TwoPoint,SinglePoint,Random,196,87,155.83,21.37931111330764
Knapsack,0.8,Proportional,TwoPoint,SinglePoint,Random,196,67,152.00666666666666,23.531390059477086
Knapsack,0.9,Proportional,TwoPoint,SinglePoint,Random,196,-7,146.951,28.325269988473543
Knapsack,1.0,Proportional,TwoPoint,SinglePoint,Random,196,-167,121.2909090909091,85.69441714190657
Knapsack,0.0,Proportional,TwoPoint,SinglePoint,Elitism,195,148,175.47,8.600510908009353
Knapsack,0.1,Proportional,TwoPoint,SinglePoint,Elitism,207,148,182.89,10.739393505422996
Knapsack,0.2,Proportional,TwoPoint,SinglePoint,Elitism,207,141,179.96666666666667,11.297980798471512
Knapsack,0.3,Proportional,TwoPoint,SinglePoint,Elitism,207,141,178.295,11.266779744653586
Knapsack,0.4,Proportional,TwoPoint,SinglePoint,Elitism,207,113,173.142,16.011075700594898
Knapsack,0.5,Proportional,TwoPoint,SinglePoint,Elitism,207,92,166.25,22.12774039129861
Knapsack,0.6,Proportional,TwoPoint,SinglePoint,Elitism,207,85,159.60142857142858,26.782806780001966
Knapsack,0.7,Proportional,TwoPoint,SinglePoint,Elitism,207,82,153.505,30.219679205181514
Knapsack,0.8,Proportional,TwoPoint,SinglePoint,Elitism,207,76,148.38,32.327578737856015
Knapsack,0.9,Proportional,TwoPoint,SinglePoint,Elitism,207,76,144.673,32.93537323015802
Knapsack,1.0,Proportional,TwoPoint,SinglePoint,Elitism,207,-168,119.66090909090909,85.25672048945908
Knapsack,0.0,Proportional,TwoPoint,SinglePoint,DeterministCrowding,149,71,115.52,11.78123829474541
Knapsack,0.1,Proportional,TwoPoint,SinglePoint,DeterministCrowding,149,70,115.14,13.736588708508881
Knapsack,0.2,Proportional,TwoPoint,SinglePoint,DeterministCrowding,149,70,114.32333333333334,14.145639585628873
Knapsack,0.3,Proportional,TwoPoint,SinglePoint,DeterministCrowding,153,70,113.845,14.14553694770358
Knapsack,0.4,Proportional,TwoPoint,SinglePoint,DeterministCrowding,153,70,112.776,14.406697395993277
Knapsack,0.5,Proportional,TwoPoint,SinglePoint,DeterministCrowding,153,69,111.655,14.516560401019959
Knapsack,0.6,Proportional,TwoPoint,SinglePoint,DeterministCrowding,156,69,110.71571428571428,14.893922829708309
Knapsack,0.7,Proportional,TwoPoint,SinglePoint,DeterministCrowding,156,59,109.5,15.420188967218621
Knapsack,0.8,Proportional,TwoPoint,SinglePoint,DeterministCrowding,156,59,108.33444444444444,15.558291560683413
Knapsack,0.9,Proportional,TwoPoint,SinglePoint,DeterministCrowding,156,57,107.125,15.76718043846074
Knapsack,1.0,Proportional,TwoPoint,SinglePoint,DeterministCrowding,156,-172,85.37636363636364,70.60316109206144
Knapsack,0.0,Proportional,TwoPoint,SinglePoint,RestrictedTournament,200,160,182,8.435135751813077
Knapsack,0.1,Proportional,TwoPoint,SinglePoint,RestrictedTournament,207,133,180.695,10.370618285236924
Knapsack,0.2,Proportional,TwoPoint,SinglePoint,RestrictedTournament,207,133,178.96,11.314524362007514
Knapsack,0.3,Proportional,TwoPoint,SinglePoint,RestrictedTournament,207,129,177.9675,11.861415459030567
Knapsack,0.4,Proportional,TwoPoint,SinglePoint,RestrictedTournament,207,129,176.282,12.32340084622884
Knapsack,0.5,Proportional,TwoPoint,SinglePoint,RestrictedTournament,207,117,174.03333333333333,13.60259558196522
Knapsack,0.6,Proportional,TwoPoint,SinglePoint,RestrictedTournament,207,117,171.69571428571427,14.601437753440816
Knapsack,0.7,Proportional,TwoPoint,SinglePoint,RestrictedTournament,207,113,168.07375,17.41026155595626
Knapsack,0.8,Proportional,TwoPoint,SinglePoint,RestrictedTournament,207,93,165.28555555555556,18.95488503112252
Knapsack,0.9,Proportional,TwoPoint,SinglePoint,RestrictedTournament,207,74,160.057,24.243339095316273
Knapsack,1.0,Proportional,TwoPoint,SinglePoint,RestrictedTournament,207,-168,133.34272727272727,87.77156113644986
Knapsack,0.0,Proportional,Uniform,SinglePoint,Random,195,155,175.94,7.995983840388722
Knapsack,0.1,Proportional,Uniform,SinglePoint,Random,195,142,174.475,9.150301365276276
Knapsack,0.2,Proportional,Uniform,SinglePoint,Random,195,141,172.44666666666666,9.600750156495431
Knapsack,0.3,Proportional,Uniform,SinglePoint,Random,195,135,170.97,10.259983828955388
Knapsack,0.4,Proportional,Uniform,SinglePoint,Random,195,122,169.428,11.034506634795536
Knapsack,0.5,Proportional,Uniform,SinglePoint,Random,195,118,166.49666666666667,13.194448757675344
Knapsack,0.6,Proportional,Uniform,SinglePoint,Random,195,97,162.4557142857143,16.633713938962313
Knapsack,0.7,Proportional,Uniform,SinglePoint,Random,195,77,157.5875,20.995078838129523
Knapsack,0.8,Proportional,Uniform,SinglePoint,Random,195,77,153.62222222222223,23.354204342307234
Knapsack,0.9,Proportional,Uniform,SinglePoint,Random,195,-30,147.914,30.20339134681483
Knapsack,1.0,Proportional,Uniform,SinglePoint,Random,195,-168,122.97545454545454,84.18338845079822
Knapsack,0.0,Proportional,Uniform,SinglePoint,Elitism,196,150,174.78,8.600657715042097
Knapsack,0.1,Proportional,Uniform,SinglePoint,Elitism,206,150,184.36,12.066832318842227
Knapsack,0.2,Proportional,Uniform,SinglePoint,Elitism,206,150,182.23666666666668,11.768417099408103
Knapsack,0.3,Proportional,Uniform,SinglePoint,Elitism,206,150,181.365,11.182548837194524
Knapsack,0.4,Proportional,Uniform,SinglePoint,Elitism,206,124,176.166,15.601578847188835
Knapsack,0.5,Proportional,Uniform,SinglePoint,Elitism,206,100,169.09833333333333,21.976432904991693
Knapsack,0.6,Proportional,Uniform,SinglePoint,Elitism,206,92,162.32142857142858,26.76118830831326
Knapsack,0.7,Proportional,Uniform,SinglePoint,Elitism,206,74,156.015,30.486333752717833
Knapsack,0.8,Proportional,Uniform,SinglePoint,Elitism,206,74,151.03666666666666,32.45425958972476
Knapsack,0.9,Proportional,Uniform,SinglePoint,Elitism,206,73,147.275,33.112623285098095
Knapsack,1.0,Proportional,Uniform,SinglePoint,Elitism,206,-164,121.85181818181819,86.56669861322608
Knapsack,0.0,Proportional,Uniform,SinglePoint,DeterministCrowding,164,97,128.14,14.619773520057613
Knapsack,0.1,Proportional,Uniform,SinglePoint,DeterministCrowding,164,84,124.02,15.257244757423921
Knapsack,0.2,Proportional,Uniform,SinglePoint,DeterministCrowding,164,84,120.63666666666667,15.70456728686854
Knapsack,0.3,Proportional,Uniform,SinglePoint,DeterministCrowding,164,80,119.02,16.038787571600206
Knapsack,0.4,Proportional,Uniform,SinglePoint,DeterministCrowding,164,78,117.44,16.270090093890897
Knapsack,0.5,Proportional,Uniform,SinglePoint,DeterministCrowding,164,66,116.11333333333333,16.46995003977679
Knapsack,0.6,Proportional,Uniform,SinglePoint,DeterministCrowding,164,66,114.38714285714286,16.648949851776635
Knapsack,0.7,Proportional,Uniform,SinglePoint,DeterministCrowding,164,64,112.695,17.013856533504637
Knapsack,0.8,Proportional,Uniform,SinglePoint,DeterministCrowding,164,62,111.14666666666666,17.33856542351457
Knapsack,0.9,Proportional,Uniform,SinglePoint,DeterministCrowding,164,56,109.633,17.555412370648074
Knapsack,1.0,Proportional,Uniform,SinglePoint,DeterministCrowding,164,-166,87.6590909090909,71.6843066311531
Knapsack,0.0,Proportional,Uniform,SinglePoint,RestrictedTournament,211,178,200.63,6.201425381932509
Knapsack,0.1,Proportional,Uniform,SinglePoint,RestrictedTournament,211,178,199.595,6.210784509311648
Knapsack,0.2,Proportional,Uniform,SinglePoint,RestrictedTournament,211,176,198.28333333333333,6.899400552378646
Knapsack,0.3,Proportional,Uniform,SinglePoint,RestrictedTournament,211,172,197.94,6.885850517064569
Knapsack,0.4,Proportional,Uniform,SinglePoint,RestrictedTournament,211,166,196.928,7.55996840234726
Knapsack,0.5,Proportional,Uniform,SinglePoint,RestrictedTournament,211,155,195.28666666666666,8.916482583301525
Knapsack,0.6,Proportional,Uniform,SinglePoint,RestrictedTournament,211,123,192.69285714285715,11.540992702925346
Knapsack,0.7,Proportional,Uniform,SinglePoint,RestrictedTournament,211,120,188.50875,16.278395379541124
Knapsack,0.8,Proportional,Uniform,SinglePoint,RestrictedTournament,211,120,185.37777777777777,18.302171244230035
Knapsack,0.9,Proportional,Uniform,SinglePoint,RestrictedTournament,211,86,177.892,28.710531702332347
Knapsack,1.0,Proportional,Uniform,SinglePoint,RestrictedTournament,211,-169,149.9227272727273,92.79429455874595
Knapsack,0.0,NegativeAssortative,OnePoint,SinglePoint,Random,-89,-202,-152.23,21.139199549078427
Knapsack,0.1,NegativeAssortative,OnePoint,SinglePoint,Random,-89,-202,-150.725,21.901088176540064
Knapsack,0.2,NegativeAssortative,OnePoint,SinglePoint,Random,-89,-207,-152.12,22.24112915494527
Knapsack,0.3,NegativeAssortative,OnePoint,SinglePoint,Random,-82,-207,-151.77,22.153194126921353
Knapsack,0.4,NegativeAssortative,OnePoint,SinglePoint,Random,-82,-207,-152.348,21.757427865781132
Knapsack,0.5,NegativeAssortative,OnePoint,SinglePoint,Random,-82,-207,-152.86,21.81674472931989
Knapsack,0.6,NegativeAssortative,OnePoint,SinglePoint,Random,-82,-222,-153.79,22.495783423052448
Knapsack,0.7,NegativeAssortative,OnePoint,SinglePoint,Random,-82,-233,-155.72125,23.433255114133313
Knapsack,0.8,NegativeAssortative,OnePoint,SinglePoint,Random,-82,-248,-156.93,24.410618552363847
Knapsack,0.9,NegativeAssortative,OnePoint,SinglePoint,Random,-82,-283,-158.994,25.899821712991862
Knapsack,1.0,NegativeAssortative,OnePoint,SinglePoint,Random,-81,-283,-156.46,26.479398485068128
Knapsack,0.0,NegativeAssortative,OnePoint,SinglePoint,Elitism,-89,-190,-150.93,21.667018645159676
Knapsack,0.1,NegativeAssortative,OnePoint,SinglePoint,Elitism,181,-190,-8.22,145.09010058040542
Knapsack,0.2,NegativeAssortative,OnePoint,SinglePoint,Elitism,191,-190,50.56333333333333,144.8832743954735
Knapsack,0.3,NegativeAssortative,OnePoint,SinglePoint,Elitism,201,-190,80.12,135.63867525733178
Knapsack,0.4,NegativeAssortative,OnePoint,SinglePoint,Elitism,201,-190,96.61,125.81457990644037
Knapsack,0.5,NegativeAssortative,OnePoint,SinglePoint,Elitism,201,-190,107.93166666666667,117.69669146805458
Knapsack,0.6,NegativeAssortative,OnePoint,SinglePoint,Elitism,201,-190,115.82142857142857,110.72464318027096
Knapsack,0.7,NegativeAssortative,OnePoint,SinglePoint,Elitism,201,-190,118.9425,104.00955089363846
Knapsack,0.8,NegativeAssortative,OnePoint,SinglePoint,Elitism,201,-190,121.15444444444445,98.36767610418667
Knapsack,0.9,NegativeAssortative,OnePoint,SinglePoint,Elitism,201,-190,120.915,93.44249180257488
Knapsack,1.0,NegativeAssortative,OnePoint,SinglePoint,Elitism,201,-190,98.08272727272727,114.80914840161668
Knapsack,0.0,NegativeAssortative,OnePoint,SinglePoint,DeterministCrowding,152,93,122.55,11.605793572369123
Knapsack,0.1,NegativeAssortative,OnePoint,SinglePoint,DeterministCrowding,152,90,122.275,11.585356161419236
Knapsack,0.2,NegativeAssortative,OnePoint,SinglePoint,DeterministCrowding,152,90,122.26333333333334,11.113310689009692
Knapsack,0.3,NegativeAssortative,OnePoint,SinglePoint,DeterministCrowding,153,90,122.5275,11.549793855097073
Knapsack,0.4,NegativeAssortative,OnePoint,SinglePoint,DeterministCrowding,165,84,122.496,11.877210120246293
Knapsack,0.5,NegativeAssortative,OnePoint,SinglePoint,DeterministCrowding,165,84,121.73333333333333,11.866208340895508
Knapsack,0.6,NegativeAssortative,OnePoint,SinglePoint,DeterministCrowding,165,84,120.40571428571428,12.36837868657649
Knapsack,0.7,NegativeAssortative,OnePoint,SinglePoint,DeterministCrowding,165,84,118.87875,12.938249352516161
Knapsack,0.8,NegativeAssortative,OnePoint,SinglePoint,DeterministCrowding,165,83,117.66222222222223,13.194839873342689
Knapsack,0.9,NegativeAssortative,OnePoint,SinglePoint,DeterministCrowding,165,74,116.016,14.048028014318987
Knapsack,1.0,NegativeAssortative,OnePoint,SinglePoint,DeterministCrowding,165,-165,93.53727272727272,72.59157858181109
Knapsack,0.0,NegativeAssortative,OnePoint,SinglePoint,RestrictedTournament,169,104,129.46,14.633861383445552
Knapsack,0.1,NegativeAssortative,OnePoint,SinglePoint,RestrictedTournament,172,94,129.34,14.557610384280194
Knapsack,0.2,NegativeAssortative,OnePoint,SinglePoint,RestrictedTournament,172,94,129.06333333333333,13.828354935528862
Knapsack,0.3,NegativeAssortative,OnePoint,SinglePoint,RestrictedTournament,177,94,129.0025,14.067595275742946
Knapsack,0.4,NegativeAssortative,OnePoint,SinglePoint,RestrictedTournament,177,94,128.414,13.743375303376494
Knapsack,0.5,NegativeAssortative,OnePoint,SinglePoint,RestrictedTournament,177,94,127.63666666666667,13.428148824651291
Knapsack,0.6,NegativeAssortative,OnePoint,SinglePoint,RestrictedTournament,177,94,127.15428571428572,13.635419308476159
Knapsack,0.7,NegativeAssortative,OnePoint,SinglePoint,RestrictedTournament,177,91,126.0975,13.824050572020207
Knapsack,0.8,NegativeAssortative,OnePoint,SinglePoint,RestrictedTournament,177,88,125.29444444444445,13.773350976890718
Knapsack,0.9,NegativeAssortative,OnePoint,SinglePoint,RestrictedTournament,177,-14,122.136,21.18070173828351
Knapsack,1.0,NegativeAssortative,OnePoint,SinglePoint,RestrictedTournament,177,-166,99.15272727272728,75.65021959676847
Knapsack,0.0,NegativeAssortative,TwoPoint,SinglePoint,Random,-60,-230,-145.23,26.801121264046042
Knapsack,0.1,NegativeAssortative,TwoPoint,SinglePoint,Random,-60,-235,-151.61,27.578265056337173
Knapsack,0.2,NegativeAssortative,TwoPoint,SinglePoint,Random,-60,-250,-156.22333333333333,30.03153507930657
Knapsack,0.3,NegativeAssortative,TwoPoint,SinglePoint,Random,-60,-250,-157.3375,29.719888512290172
Knapsack,0.4,NegativeAssortative,TwoPoint,SinglePoint,Random,-60,-250,-157.996,29.95534391821461
Knapsack,0.5,NegativeAssortative,TwoPoint,SinglePoint,Random,-60,-250,-159.12666666666667,30.05227424896126
Knapsack,0.6,NegativeAssortative,TwoPoint,SinglePoint,Random,-60,-250,-160.36285714285714,30.24529744565474
Knapsack,0.7,NegativeAssortative,TwoPoint,SinglePoint,Random,-60,-250,-161.11625,30.57341415353795
Knapsack,0.8,NegativeAssortative,TwoPoint,SinglePoint,Random,-60,-250,-162.10222222222222,30.34925722997309
Knapsack,0.9,NegativeAssortative,TwoPoint,SinglePoint,Random,-60,-250,-163.561,30.678615621576807
Knapsack,1.0,NegativeAssortative,TwoPoint,SinglePoint,Random,-60,-250,-160.79272727272726,30.931471142234948
Knapsack,0.0,NegativeAssortative,TwoPoint,SinglePoint,Elitism,-83,-202,-144.92,26.49973508539207
Knapsack,0.1,NegativeAssortative,TwoPoint,SinglePoint,Elitism,194,-202,12.39,158.93817862022823
Knapsack,0.2,NegativeAssortative,TwoPoint,SinglePoint,Elitism,195,-202,69.65,153.00145637272186
Knapsack,0.3,NegativeAssortative,TwoPoint,SinglePoint,Elitism,200,-202,98.295,141.51703307951686
Knapsack,0.4,NegativeAssortative,TwoPoint,SinglePoint,Elitism,204,-202,116.604,131.77625410631683
Knapsack,0.5,NegativeAssortative,TwoPoint,SinglePoint,Elitism,206,-202,128.78,123.35319865883336
Knapsack,0.6,NegativeAssortative,TwoPoint,SinglePoint,Elitism,206,-202,136.01857142857142,115.61647143550974
Knapsack,0.7,NegativeAssortative,TwoPoint,SinglePoint,Elitism,206,-202,137.9575,108.37703941375273
Knapsack,0.8,NegativeAssortative,TwoPoint,SinglePoint,Elitism,206,-202,139.54666666666665,102.37609261030381
Knapsack,0.9,NegativeAssortative,TwoPoint,SinglePoint,Elitism,206,-202,137.925,97.33860580046942
Knapsack,1.0,NegativeAssortative,TwoPoint,SinglePoint,Elitism,206,-202,113.64,120.6098449724425
Knapsack,0.0,NegativeAssortative,TwoPoint,SinglePoint,DeterministCrowding,205,168,192.13,8.009659572331802
Knapsack,0.1,NegativeAssortative,TwoPoint,SinglePoint,DeterministCrowding,205,164,190.515,8.16228457279187
Knapsack,0.2,NegativeAssortative,TwoPoint,SinglePoint,DeterministCrowding,205,154,188.27333333333334,10.113335457163442
Knapsack,0.3,NegativeAssortative,TwoPoint,SinglePoint,DeterministCrowding,206,150,187.0925,10.673272253695385
Knapsack,0.4,NegativeAssortative,TwoPoint,SinglePoint,DeterministCrowding,206,129,185.252,12.005196603595543
Knapsack,0.5,NegativeAssortative,TwoPoint,SinglePoint,DeterministCrowding,206,108,183.05833333333334,13.562134161969777
Knapsack,0.6,NegativeAssortative,TwoPoint,SinglePoint,DeterministCrowding,206,107,179.61285714285714,16.441080665697054
Knapsack,0.7,NegativeAssortative,TwoPoint,SinglePoint,DeterministCrowding,206,107,175.90875,19.020716548279996
Knapsack,0.8,NegativeAssortative,TwoPoint,SinglePoint,DeterministCrowding,206,89,172.61222222222221,21.13570921870097
Knapsack,0.9,NegativeAssortative,TwoPoint,SinglePoint,DeterministCrowding,206,84,167.771,25.408505488342897
Knapsack,1.0,NegativeAssortative,TwoPoint,SinglePoint,DeterministCrowding,206,-162,140.56545454545454,89.54966844459847
Knapsack,0.0,NegativeAssortative,TwoPoint,SinglePoint,RestrictedTournament,208,172,197.89,6.689196778040958
Knapsack,0.1,NegativeAssortative,TwoPoint,SinglePoint,RestrictedTournament,208,172,197.74,6.530362022177907
Knapsack,0.2,NegativeAssortative,TwoPoint,SinglePoint,RestrictedTournament,208,168,196.45,7.120616353766371
Knapsack,0.3,NegativeAssortative,TwoPoint,SinglePoint,RestrictedTournament,208,168,196.3175,6.927602249864727
Knapsack,0.4,NegativeAssortative,TwoPoint,SinglePoint,RestrictedTournament,208,165,195.774,7.074391707848255
Knapsack,0.5,NegativeAssortative,TwoPoint,SinglePoint,RestrictedTournament,208,163,194.69833333333332,7.622390172519757
Knapsack,0.6,NegativeAssortative,TwoPoint,SinglePoint,RestrictedTournament,208,154,193.04,8.8366903222426
Knapsack,0.7,NegativeAssortative,TwoPoint,SinglePoint,RestrictedTournament,208,130,190.7575,11.046208270100335
Knapsack,0.8,NegativeAssortative,TwoPoint,SinglePoint,RestrictedTournament,208,130,188.80444444444444,12.575714285523743
Knapsack,0.9,NegativeAssortative,TwoPoint,SinglePoint,RestrictedTournament,208,125,185.255,16.498611431850232
Knapsack,1.0,NegativeAssortative,TwoPoint,SinglePoint,RestrictedTournament,208,-168,156.60727272727271,92.13338602580876
Knapsack,0.0,NegativeAssortative,Uniform,SinglePoint,Random,-83,-197,-141.13,23.931575439788812
Knapsack,0.1,NegativeAssortative,Uniform,SinglePoint,Random,-83,-229,-149.305,26.119208261373565
Knapsack,0.2,NegativeAssortative,Uniform,SinglePoint,Random,-83,-260,-153.84,28.511472783207086
Knapsack,0.3,NegativeAssortative,Uniform,SinglePoint,Random,-83,-260,-155.5175,29.15484017301046
Knapsack,0.4,NegativeAssortative,Uniform,SinglePoint,Random,-62,-260,-156.276,29.30661323248247
